{
  "partners": [
    {
      "code": "513946525426",
      "ownerID": "615029465726320654",
      "icon": "https://codeshare.xyz/public/img/logo.png",
      "serverName": "Code Share",
      "website": "https://codeshare.xyz",
      "description": "The right place to share your own personal codes and find the code you are looking for.."
    },
    {
      "code": "382361266924395963929482692821434658",
      "icon": "https://cdn.discordapp.com/avatars/849021353301639168/67b14dc5f942c409d346b7119c23f31f.webp?size=512",
      "ownerID": "442355791412854784",
      "serverName": "Milrato Bot/Server list!",
      "website": "https://botlist.milrato.eu/",
      "description": "Visit this awsome and sick website! Made By Tomato! "
    },
    {
      "code": "913578527753693747351159927216142879",
      "icon": "https://images.app.goo.gl/7fLLD2PuRz8vzVgK9",
      "ownerID": "693553429380857978",
      "serverName": "Uptime website ",
      "website": "https://vcodezuptime.tk/",
      "description": "In this website you can host your bots or web from replit or glitch! All for FREE!"
    },
    {
      "code": "378132854167831871711885575656456343",
      "icon": "https://media.discordapp.net/attachments/790700963346251786/862071543865933864/Thumbnail_1625604262433.jpg?width=730&height=411",
      "ownerID": "760585189423972372",
      "serverName": "CraftOrgange",
      "website": "https://craftorangestudio.tk/",
      "description": "We are a company name CraftOrange, In highlights in roblox. We develop stuff. And they will be more coming in real life.\r\nSo staytoon for more updates join this server in discord: https://discord.gg/27ddJR4Sg2\r\n-Antonio CEO Of CraftOrange"
    }
  ]
}